Journal,Score1,Score2,IF2,IF5,TopCitation
Journal of the American Chemical Society,6,6.0,9.023,8.981,0
Science,8,10.0,31.377,31.776999999999997,1
Gastroenterology,6,8.0,12.032,12.402999999999999,0
Neuron,8,8.0,14.027000000000001,14.927,0
The Journal of Cell Biology,6,6.0,9.921,10.123,0
Nature Immunology,8,8.0,25.668000000000003,25.934,0
Science,10,8.0,31.377,31.776999999999997,1
PLoS Biology,8,8.0,12.472000000000001,14.376,0
Molecular Systems Biology,8,10.0,9.667,13.327,0
Nature Immunology,8,8.0,25.668000000000003,25.934,0
Nature,8,10.0,36.104,35.248000000000005,0
Proceedings,8,10.0,9.771,10.591,0
Proceedings,6,8.0,9.771,10.591,0
Nature,10,10.0,36.104,35.248000000000005,1
PLoS Medicine,6,6.0,15.617,14.974,1
Nature,6,6.0,36.104,35.248000000000005,0
Nature,8,10.0,36.104,35.248000000000005,0
Cell,8,6.0,32.406,34.931,0
Science,8,8.0,31.377,31.776999999999997,1
Science,8,8.0,31.377,31.776999999999997,0
Nature,8,8.0,36.104,35.248000000000005,1
Nature,8,8.0,36.104,35.248000000000005,0
Nature,6,6.0,36.104,35.248000000000005,0
Science,10,10.0,31.377,31.776999999999997,0
Development,6,6.0,6.898,7.476,0
Journal of the American Chemical Society,6,6.0,9.023,8.981,0
Nature,6,8.0,36.104,35.248000000000005,0
Neuron,8,8.0,14.027000000000001,14.927,0
Cell,8,10.0,32.406,34.931,0
PLoS Pathogens,6,8.0,9.079,9.675,0
Nature,10,8.0,36.104,35.248000000000005,0
The New England Journal of Medicine,6,8.0,53.486000000000004,52.363,1
Proceedings,6,6.0,9.771,10.591,0
Cell,8,8.0,32.406,34.931,0
Cell,8,8.0,32.406,34.931,1
Journal of Evolutionary Biology,6,6.0,3.656,4.08,0
Nature Neuroscience,8,8.0,14.190999999999999,16.19,1
Current Biology,6,6.0,10.026,11.436,0
Proceedings,6,6.0,9.771,10.591,0
Cell,8,8.0,32.406,34.931,1
Nature,6,8.0,36.104,35.248000000000005,0
Journal of Clinical Microbiology,6,6.0,4.22,4.258,0
Science,6,6.0,31.377,31.776999999999997,0
Neuron,8,10.0,14.027000000000001,14.927,1
Nature,8,6.0,36.104,35.248000000000005,0
Science,6,8.0,31.377,31.776999999999997,0
Proceedings,6,6.0,9.771,10.591,1
PLoS Biology,6,6.0,12.472000000000001,14.376,0
Neuron,6,6.0,14.027000000000001,14.927,0
Nature,10,10.0,36.104,35.248000000000005,0
Nature Neuroscience,6,6.0,14.190999999999999,16.19,0
Cell,10,10.0,32.406,34.931,0
Genes &amp; Development,6,6.0,12.889000000000001,13.892000000000001,0
The Plant Cell,6,8.0,9.396,10.648,0
Science,6,6.0,31.377,31.776999999999997,1
Cell,8,10.0,32.406,34.931,0
Behavioral Neuroscience,6,6.0,2.481,2.676,0
Development,6,6.0,6.898,7.476,0
Nature,8,6.0,36.104,35.248000000000005,0
Developmental Cell,6,6.0,13.946,14.24,0
Developmental Cell,6,8.0,13.946,14.24,0
Nature Structural &amp; Molecular Biology,6,6.0,13.685,12.481,0
PLoS Biology,6,6.0,12.472000000000001,14.376,0
Journal of the American Chemical Society,6,6.0,9.023,8.981,0
European Journal of Applied Physiology,8,6.0,2.214,2.526,0
The Journal of Experimental Medicine,10,8.0,14.776,15.7,0
Journal of the American Chemical Society,6,6.0,9.023,8.981,0
The New England Journal of Medicine,6,8.0,53.486000000000004,52.363,1
Science,10,10.0,31.377,31.776999999999997,0
Proceedings,6,8.0,9.771,10.591,0
Cell,8,8.0,32.406,34.931,0
Cancer Cell,8,10.0,26.925,28.438000000000002,1
Genes &amp; Development,8,8.0,12.889000000000001,13.892000000000001,0
Science,8,8.0,31.377,31.776999999999997,0
Current Biology,6,8.0,10.026,11.436,0
Proceedings,8,8.0,9.771,10.591,0
Nature,8,8.0,36.104,35.248000000000005,0
Nature Structural &amp; Molecular Biology,8,8.0,13.685,12.481,0
Science,8,8.0,31.377,31.776999999999997,0
Science,8,10.0,31.377,31.776999999999997,0
Proceedings,6,8.0,9.771,10.591,0
Nature,10,8.0,36.104,35.248000000000005,0
The Journal of Experimental Medicine,8,8.0,14.776,15.7,0
Science,8,6.0,31.377,31.776999999999997,0
Science,6,8.0,31.377,31.776999999999997,0
Cell,8,6.0,32.406,34.931,1
Proceedings,10,10.0,9.771,10.591,0
Neuron,8,10.0,14.027000000000001,14.927,0
Cell,8,6.0,32.406,34.931,0
Current Biology,6,6.0,10.026,11.436,0
Nature Cell Biology,6,6.0,19.407,19.578,0
Molecular Cell,8,8.0,14.194,14.447000000000001,0
Journal of the American Chemical Society,6,6.0,9.023,8.981,0
Nature Methods,6,6.0,20.721,19.285999999999998,0
Human Molecular Genetics,6,6.0,8.058,8.145,0
Journal of Evolutionary Biology,6,6.0,3.656,4.08,0
Angewandte Chemie,6,6.0,12.73,12.05,0
Immunity,8,6.0,24.221,22.133000000000003,0
Genes &amp; Development,6,8.0,12.889000000000001,13.892000000000001,0
Cell,8,6.0,32.406,34.931,0
Immunity,8,8.0,24.221,22.133000000000003,0
Nature,6,8.0,36.104,35.248000000000005,0
Journal of the American Chemical Society,8,10.0,9.023,8.981,0
Neuron,6,8.0,14.027000000000001,14.927,0
Immunity,6,8.0,24.221,22.133000000000003,0
Science,6,6.0,31.377,31.776999999999997,0
PLoS Biology,8,6.0,12.472000000000001,14.376,0
Genome Research,6,8.0,13.588,11.970999999999998,0
Science,6,10.0,31.377,31.776999999999997,0
Journal of the American Chemical Society,8,6.0,9.023,8.981,0
The New England Journal of Medicine,6,6.0,53.486000000000004,52.363,0
The Plant Cell,6,6.0,9.396,10.648,0
Nature,8,6.0,36.104,35.248000000000005,0
The EMBO Journal,8,8.0,10.124,9.369,0
Nature Medicine,8,8.0,25.43,27.886999999999997,0
Proceedings,10,10.0,9.771,10.591,0
Proceedings,8,8.0,9.771,10.591,0
Current Biology,6,6.0,10.026,11.436,0
Cell,6,6.0,32.406,34.931,0
Science,6,6.0,31.377,31.776999999999997,0
Nature,8,6.0,36.104,35.248000000000005,0
Immunity,6,8.0,24.221,22.133000000000003,0
Nature Medicine,8,8.0,25.43,27.886999999999997,0
Cell,6,8.0,32.406,34.931,0
The EMBO Journal,6,6.0,10.124,9.369,0
Nature,6,8.0,36.104,35.248000000000005,0
The Journal of Neuroscience,6,6.0,7.271,8.068,0
Nature,8,10.0,36.104,35.248000000000005,0
Proceedings,6,6.0,9.771,10.591,0
Science,8,6.0,31.377,31.776999999999997,1
FEBS Letters,6,8.0,3.6010000000000004,3.3989999999999996,0
Proceedings,8,6.0,9.771,10.591,0
Cell,6,6.0,32.406,34.931,0
Cell,8,10.0,32.406,34.931,0
Cell,6,10.0,32.406,34.931,0
Proceedings,6,6.0,9.771,10.591,0
Genes &amp; Development,6,8.0,12.889000000000001,13.892000000000001,0
Science,8,10.0,31.377,31.776999999999997,0
Cell,6,10.0,32.406,34.931,0
Neuron,6,6.0,14.027000000000001,14.927,0
The Journal of Cell Biology,6,6.0,9.921,10.123,0
Cell,8,10.0,32.406,34.931,0
Proceedings,6,8.0,9.771,10.591,0
Proceedings,6,6.0,9.771,10.591,1
Science,10,8.0,31.377,31.776999999999997,0
Development,8,6.0,6.898,7.476,0
Proceedings,6,8.0,9.771,10.591,0
Nature Chemical Biology,8,6.0,15.808,16.320999999999998,0
Science,6,6.0,31.377,31.776999999999997,0
Nature Medicine,10,6.0,25.43,27.886999999999997,0
Science,8,6.0,31.377,31.776999999999997,0
Science,6,8.0,31.377,31.776999999999997,0
Cell,8,8.0,32.406,34.931,1
Nature,8,8.0,36.104,35.248000000000005,0
Nature Neuroscience,6,6.0,14.190999999999999,16.19,0
Current Biology,8,6.0,10.026,11.436,0
Biological Psychiatry,6,8.0,8.674,9.441,1
Nature Neuroscience,8,8.0,14.190999999999999,16.19,0
The Journal of Experimental Medicine,6,6.0,14.776,15.7,0
Evolution &amp; Development,6,6.0,3.075,3.292,0
Science,8,8.0,31.377,31.776999999999997,0
Journal of Clinical Microbiology,8,8.0,4.22,4.258,0
The Journal of Experimental Biology,6,8.0,3.04,3.424,0
Proceedings,6,6.0,9.771,10.591,0
Molecular Cell,8,8.0,14.194,14.447000000000001,0
Proceedings,10,10.0,9.771,10.591,0
Nature,8,10.0,36.104,35.248000000000005,1
Science,8,6.0,31.377,31.776999999999997,0
Current Biology,6,6.0,10.026,11.436,0
Plant Physiology,6,6.0,6.4510000000000005,7.016,1
Nature,8,8.0,36.104,35.248000000000005,1
Nature,8,6.0,36.104,35.248000000000005,1
Nature,10,8.0,36.104,35.248000000000005,0
Nature,8,8.0,36.104,35.248000000000005,0
Neuron,6,6.0,14.027000000000001,14.927,0
Science,8,8.0,31.377,31.776999999999997,1
Cell,10,10.0,32.406,34.931,1
Nature,8,8.0,36.104,35.248000000000005,0
Gastroenterology,6,8.0,12.032,12.402999999999999,0
Cell,8,8.0,32.406,34.931,0
Proceedings,6,6.0,9.771,10.591,0
Nature Biotechnology,6,6.0,31.09,29.065,0
Cell,6,6.0,32.406,34.931,0
Science,10,6.0,31.377,31.776999999999997,0
Nucleic Acids Research,6,8.0,7.836,7.314,0
Nature Neuroscience,8,6.0,14.190999999999999,16.19,0
Proceedings,8,8.0,9.771,10.591,0
Cell,8,6.0,32.406,34.931,0
Nature Genetics,8,8.0,36.376999999999995,32.701,0
Cancer Cell,8,8.0,26.925,28.438000000000002,0
Developmental Cell,8,8.0,13.946,14.24,0
Proceedings,8,6.0,9.771,10.591,0
Developmental Cell,8,6.0,13.946,14.24,0
Cell,8,10.0,32.406,34.931,0
Nature Chemical Biology,8,6.0,15.808,16.320999999999998,0
Science,8,6.0,31.377,31.776999999999997,0
Nature Immunology,6,6.0,25.668000000000003,25.934,1
Nature Cell Biology,8,6.0,19.407,19.578,0
Journal of Immunology,6,6.0,5.745,5.909,0
Journal of Cell Science,6,6.0,6.29,6.731,0
The Plant Cell,6,6.0,9.396,10.648,0
Cell,6,8.0,32.406,34.931,0
Science,8,10.0,31.377,31.776999999999997,0
Nature Medicine,8,6.0,25.43,27.886999999999997,0
Proceedings,8,6.0,9.771,10.591,0
Nature,8,8.0,36.104,35.248000000000005,0
Science,10,6.0,31.377,31.776999999999997,0
Journal of the American Chemical Society,6,6.0,9.023,8.981,0
Cancer Cell,10,8.0,26.925,28.438000000000002,0
Nature Structural &amp; Molecular Biology,6,6.0,13.685,12.481,0
Molecular Cell,6,6.0,14.194,14.447000000000001,0
Nature Genetics,6,6.0,36.376999999999995,32.701,0
Cell,10,10.0,32.406,34.931,0
Genetics,6,6.0,4.087,4.311,0
Science,8,6.0,31.377,31.776999999999997,0
Cell,6,6.0,32.406,34.931,0
Nature Cell Biology,6,6.0,19.407,19.578,0
Science,6,8.0,31.377,31.776999999999997,0
Neuron,8,8.0,14.027000000000001,14.927,0
Science,6,10.0,31.377,31.776999999999997,0
Science,8,6.0,31.377,31.776999999999997,0
Nature,10,8.0,36.104,35.248000000000005,0
Journal of Virology,6,6.0,5.189,5.257000000000001,0
Nature,8,8.0,36.104,35.248000000000005,0
The Plant Cell,6,8.0,9.396,10.648,0
Nature Cell Biology,10,8.0,19.407,19.578,0
Science,10,10.0,31.377,31.776999999999997,0
Nature,8,6.0,36.104,35.248000000000005,0
Nature Genetics,8,6.0,36.376999999999995,32.701,0
Science,8,6.0,31.377,31.776999999999997,0
Nature,8,8.0,36.104,35.248000000000005,0
Science,6,8.0,31.377,31.776999999999997,0
The Plant Journal: for Cell and Molecular Biology,8,6.0,6.9479999999999995,7.325,0
Nature Genetics,6,8.0,36.376999999999995,32.701,0
Science,6,8.0,31.377,31.776999999999997,0
Proceedings,8,10.0,9.771,10.591,0
Science,10,6.0,31.377,31.776999999999997,1
Science,10,6.0,31.377,31.776999999999997,0
Cell,6,8.0,32.406,34.931,0
Nature Chemical Biology,8,8.0,15.808,16.320999999999998,0
The American Naturalist,6,6.0,4.736000000000001,5.385,0
Proceedings,6,6.0,9.771,10.591,0
Nature Immunology,6,6.0,25.668000000000003,25.934,0
Nature,8,8.0,36.104,35.248000000000005,0
The Journal of Cell Biology,6,8.0,9.921,10.123,0
Nature,8,8.0,36.104,35.248000000000005,0
The Journal of Cell Biology,8,6.0,9.921,10.123,0
Nature,10,10.0,36.104,35.248000000000005,1
Nature,10,10.0,36.104,35.248000000000005,1
Nature Cell Biology,6,6.0,19.407,19.578,0
Journal of Molecular Endocrinology,6,10.0,3.628,3.25,0
Molecular Cell,6,8.0,14.194,14.447000000000001,0
Nature,8,8.0,36.104,35.248000000000005,0
Nature Cell Biology,8,8.0,19.407,19.578,0
Proceedings,6,6.0,9.771,10.591,0
Nature Cell Biology,8,6.0,19.407,19.578,1
The Journal of Experimental Medicine,6,6.0,14.776,15.7,0
Development,10,6.0,6.898,7.476,0
Science,10,6.0,31.377,31.776999999999997,0
Proceedings,10,8.0,9.771,10.591,0
Nature Medicine,8,6.0,25.43,27.886999999999997,0
Proceedings,10,6.0,9.771,10.591,0
Science,8,6.0,31.377,31.776999999999997,0
Nature,6,6.0,36.104,35.248000000000005,0
Science,8,10.0,31.377,31.776999999999997,1
Molecular Cell,6,8.0,14.194,14.447000000000001,0
Science,8,10.0,31.377,31.776999999999997,0
Immunity,8,8.0,24.221,22.133000000000003,0
Journal of the American Chemical Society,6,6.0,9.023,8.981,0
Cell,8,10.0,32.406,34.931,0
The Journal of Experimental Medicine,10,10.0,14.776,15.7,0
The Journal of Biological Chemistry,6,8.0,5.327999999999999,5.497999999999999,0
Proceedings,8,8.0,9.771,10.591,0
Molecular Biology of the Cell,8,8.0,5.861000000000001,5.949,0
Nature,8,6.0,36.104,35.248000000000005,0
Cell,8,10.0,32.406,34.931,0
Nature,8,6.0,36.104,35.248000000000005,0
Nature,8,6.0,36.104,35.248000000000005,0
Cell,10,8.0,32.406,34.931,0
Blood,6,6.0,10.558,10.075,0
Science,6,6.0,31.377,31.776999999999997,0
Anesthesiology,6,6.0,5.486000000000001,5.263999999999999,0
Molecular Cell,6,6.0,14.194,14.447000000000001,0
Science,8,6.0,31.377,31.776999999999997,0
The Journal of Cell Biology,8,6.0,9.921,10.123,0
Nature Medicine,6,6.0,25.43,27.886999999999997,0
Cell,8,8.0,32.406,34.931,0
Proceedings,6,6.0,9.771,10.591,0
Science,10,8.0,31.377,31.776999999999997,1
The Journal of Experimental Medicine,6,8.0,14.776,15.7,0
Cell,8,6.0,32.406,34.931,0
The Journal of Biological Chemistry,6,8.0,5.327999999999999,5.497999999999999,0
Nature,6,8.0,36.104,35.248000000000005,0
Nature Immunology,8,6.0,25.668000000000003,25.934,1
Science,10,8.0,31.377,31.776999999999997,0
Nature,10,6.0,36.104,35.248000000000005,0
Genes &amp; Development,6,8.0,12.889000000000001,13.892000000000001,0
The Journal of Biological Chemistry,6,6.0,5.327999999999999,5.497999999999999,0
Developmental Cell,6,8.0,13.946,14.24,0
Cell,6,8.0,32.406,34.931,0
Nature Genetics,8,6.0,36.376999999999995,32.701,0
Nature,8,8.0,36.104,35.248000000000005,0
Journal of Immunology,6,6.0,5.745,5.909,0
Nature Neuroscience,8,8.0,14.190999999999999,16.19,0
Developmental Cell,8,6.0,13.946,14.24,0
Nature,10,8.0,36.104,35.248000000000005,0
Nature Cell Biology,8,8.0,19.407,19.578,0
Nature Genetics,8,6.0,36.376999999999995,32.701,0
Science,6,8.0,31.377,31.776999999999997,0
Journal of Cell Science,6,6.0,6.29,6.731,0
Protein Science,6,6.0,2.741,2.94,0
PLoS Biology,6,8.0,12.472000000000001,14.376,0
Nature,10,10.0,36.104,35.248000000000005,0
Proceedings,6,8.0,9.771,10.591,0
Nature,8,8.0,36.104,35.248000000000005,1
Nature,6,6.0,36.104,35.248000000000005,0
Nature,8,8.0,36.104,35.248000000000005,0
Nature,10,10.0,36.104,35.248000000000005,0
Science,10,8.0,31.377,31.776999999999997,1
Cell,8,6.0,32.406,34.931,0
The Plant Cell,10,6.0,9.396,10.648,0
Proceedings,8,6.0,9.771,10.591,0
Cell,8,8.0,32.406,34.931,0
Molecular Cell,8,6.0,14.194,14.447000000000001,0
Current Biology,10,6.0,10.026,11.436,0
The American Naturalist,8,6.0,4.736000000000001,5.385,0
Cell,8,8.0,32.406,34.931,0
Nature Medicine,6,8.0,25.43,27.886999999999997,1
Science,8,6.0,31.377,31.776999999999997,0
Nature,8,6.0,36.104,35.248000000000005,0
Nature,8,10.0,36.104,35.248000000000005,0
Journal of Virology,6,6.0,5.189,5.257000000000001,0
Science,10,8.0,31.377,31.776999999999997,0
Science,8,8.0,31.377,31.776999999999997,0
The Journal of Neuroscience,6,6.0,7.271,8.068,0
Science,6,8.0,31.377,31.776999999999997,0
Nature,8,10.0,36.104,35.248000000000005,0
Nature Neuroscience,6,8.0,14.190999999999999,16.19,0
Nature,6,8.0,36.104,35.248000000000005,0
Science,8,8.0,31.377,31.776999999999997,1
Developmental Cell,6,8.0,13.946,14.24,0
Proceedings,8,8.0,9.771,10.591,0
Science,8,6.0,31.377,31.776999999999997,0
Science,10,8.0,31.377,31.776999999999997,0
Nature Immunology,8,10.0,25.668000000000003,25.934,1
Cell,6,10.0,32.406,34.931,0
Proceedings,6,6.0,9.771,10.591,0
The Plant Journal: for Cell and Molecular Biology,6,8.0,6.9479999999999995,7.325,0
Proceedings,8,6.0,9.771,10.591,0
Neuron,8,8.0,14.027000000000001,14.927,0
Cancer Cell,6,6.0,26.925,28.438000000000002,0
Nature Genetics,8,8.0,36.376999999999995,32.701,0
Proceedings,6,6.0,9.771,10.591,0
Nature,8,6.0,36.104,35.248000000000005,0
The Journal of Eukaryotic Microbiology,6,6.0,2.397,2.245,1
Cell,8,8.0,32.406,34.931,0
Nature Cell Biology,8,8.0,19.407,19.578,0
Development,8,8.0,6.898,7.476,0
Genome Research,6,6.0,13.588,11.970999999999998,0
Nature,6,8.0,36.104,35.248000000000005,0
Neuron,8,8.0,14.027000000000001,14.927,0
Proceedings,8,8.0,9.771,10.591,0
Cancer Cell,6,6.0,26.925,28.438000000000002,0
Proceedings,6,8.0,9.771,10.591,0
Proceedings,6,8.0,9.771,10.591,0
Cell,8,10.0,32.406,34.931,0
Proceedings,10,6.0,9.771,10.591,0
Science,8,8.0,31.377,31.776999999999997,0
Nature,8,8.0,36.104,35.248000000000005,0
Science,8,6.0,31.377,31.776999999999997,0
Nature Neuroscience,8,6.0,14.190999999999999,16.19,0
Nature,8,10.0,36.104,35.248000000000005,0
Science,6,6.0,31.377,31.776999999999997,1
Science,8,8.0,31.377,31.776999999999997,0
Science,8,6.0,31.377,31.776999999999997,0
Journal of the American Chemical Society,6,8.0,9.023,8.981,0
Nature,6,10.0,36.104,35.248000000000005,0
Development,8,6.0,6.898,7.476,0
Proceedings,10,6.0,9.771,10.591,0
Nature,10,8.0,36.104,35.248000000000005,1
Nature Neuroscience,8,10.0,14.190999999999999,16.19,0
Science,6,6.0,31.377,31.776999999999997,0
Proceedings,10,8.0,9.771,10.591,1
Science,8,8.0,31.377,31.776999999999997,0
Science,6,8.0,31.377,31.776999999999997,0
The Journal of Experimental Medicine,8,8.0,14.776,15.7,0
Current Biology,6,6.0,10.026,11.436,0
The Journal of Experimental Medicine,6,6.0,14.776,15.7,0
Nature Cell Biology,8,8.0,19.407,19.578,0
Nature,10,6.0,36.104,35.248000000000005,0
Science,8,6.0,31.377,31.776999999999997,0
Nature Cell Biology,8,6.0,19.407,19.578,0
Nature Immunology,8,8.0,25.668000000000003,25.934,1
Developmental Cell,6,8.0,13.946,14.24,0
Nature,8,8.0,36.104,35.248000000000005,0
Nature,8,8.0,36.104,35.248000000000005,0
Eukaryotic Cell,6,6.0,3.395,3.637,0
The Journal of Experimental Medicine,6,6.0,14.776,15.7,0
The Plant Cell,6,6.0,9.396,10.648,0
Current Biology,6,8.0,10.026,11.436,0
Cell,8,8.0,32.406,34.931,0
Proceedings,6,8.0,9.771,10.591,0
Nature,8,10.0,36.104,35.248000000000005,0
Science,8,6.0,31.377,31.776999999999997,0
Nature Medicine,8,8.0,25.43,27.886999999999997,0
Science,6,10.0,31.377,31.776999999999997,1
Science,6,8.0,31.377,31.776999999999997,0
Nature,8,6.0,36.104,35.248000000000005,0
Proceedings,6,6.0,9.771,10.591,0
Nature,8,6.0,36.104,35.248000000000005,0
International Journal for Parasitology,6,6.0,3.822,3.938,0
Molecular and Cellular Biology,6,6.0,6.188,6.381,0
Nature,6,10.0,36.104,35.248000000000005,0
Science,8,6.0,31.377,31.776999999999997,1
Cell,8,8.0,32.406,34.931,1
Immunity,6,8.0,24.221,22.133000000000003,0
Molecular Cell,6,6.0,14.194,14.447000000000001,0
The EMBO Journal,6,6.0,10.124,9.369,0
Proceedings,6,6.0,9.771,10.591,0
Nature,8,6.0,36.104,35.248000000000005,0
Current Biology,6,6.0,10.026,11.436,0
Cell,10,6.0,32.406,34.931,0
Nature Genetics,6,10.0,36.376999999999995,32.701,0
The Plant Cell,6,8.0,9.396,10.648,0
Nature Neuroscience,10,8.0,14.190999999999999,16.19,0
Chemistry &amp; Biology,8,6.0,5.837999999999999,5.976,0
Nature,6,6.0,36.104,35.248000000000005,0
Developmental Cell,8,6.0,13.946,14.24,0
Proceedings,8,8.0,9.771,10.591,0
Immunity,8,10.0,24.221,22.133000000000003,0
Nature,10,10.0,36.104,35.248000000000005,0
The EMBO Journal,6,6.0,10.124,9.369,0
The Journal of Neuroscience,8,6.0,7.271,8.068,0
The Journal of Experimental Medicine,8,8.0,14.776,15.7,0
Cancer Cell,6,6.0,26.925,28.438000000000002,0
Science,6,8.0,31.377,31.776999999999997,1
Science,6,8.0,31.377,31.776999999999997,0
Cell,6,8.0,32.406,34.931,1
Developmental Cell,6,8.0,13.946,14.24,0
Cell,10,10.0,32.406,34.931,1
Current Biology,6,6.0,10.026,11.436,0
Proceedings,8,8.0,9.771,10.591,0
Journal of Immunology,6,8.0,5.745,5.909,0
Current Biology,8,8.0,10.026,11.436,1
Nature,8,6.0,36.104,35.248000000000005,0
Journal of Immunology,6,6.0,5.745,5.909,0
RNA (New York),6,6.0,6.051,5.486000000000001,0
Nature,10,6.0,36.104,35.248000000000005,1
Nature,10,10.0,36.104,35.248000000000005,0
Nature,6,6.0,36.104,35.248000000000005,0
Science,6,6.0,31.377,31.776999999999997,0
Science,6,6.0,31.377,31.776999999999997,0
The Journal of Neuroscience,6,6.0,7.271,8.068,0
Nature,8,6.0,36.104,35.248000000000005,0
Science,6,8.0,31.377,31.776999999999997,0
The Plant Cell,6,8.0,9.396,10.648,0
Nature,6,8.0,36.104,35.248000000000005,0
Endocrinology,8,10.0,4.993,5.265,0
Genes &amp; Development,8,6.0,12.889000000000001,13.892000000000001,0
Developmental Cell,6,6.0,13.946,14.24,0
Proceedings,8,6.0,9.771,10.591,0
Molecular Cell,8,6.0,14.194,14.447000000000001,0
Proceedings,6,8.0,9.771,10.591,0
Genes &amp; Development,6,10.0,12.889000000000001,13.892000000000001,0
Developmental Biology,6,6.0,4.093999999999999,4.42,0
Nature,6,10.0,36.104,35.248000000000005,0
Science,8,8.0,31.377,31.776999999999997,0
Nature,8,8.0,36.104,35.248000000000005,0
Proceedings,6,6.0,9.771,10.591,0
Proceedings,6,6.0,9.771,10.591,0
Nature Neuroscience,6,8.0,14.190999999999999,16.19,0
The EMBO Journal,8,6.0,10.124,9.369,0
Immunity,8,6.0,24.221,22.133000000000003,0
Proceedings,8,8.0,9.771,10.591,0
The Journal of Neuroscience,6,6.0,7.271,8.068,0
Proceedings,8,6.0,9.771,10.591,0
The Journal of Neuroscience,8,8.0,7.271,8.068,0
Proceedings,6,8.0,9.771,10.591,0
Science,8,10.0,31.377,31.776999999999997,0
Developmental Cell,6,8.0,13.946,14.24,0
Nature,8,6.0,36.104,35.248000000000005,0
Cell,8,8.0,32.406,34.931,0
Proceedings,6,6.0,9.771,10.591,0
Proceedings,6,6.0,9.771,10.591,0
Molecular Cell,6,8.0,14.194,14.447000000000001,0
Molecular and Cellular Biology,8,6.0,6.188,6.381,0
The Journal of Neuroscience,6,10.0,7.271,8.068,0
Cell,10,10.0,32.406,34.931,0
Cell,8,10.0,32.406,34.931,0
Science,8,8.0,31.377,31.776999999999997,0
Angewandte Chemie,8,6.0,12.73,12.05,0
Molecular Cell,8,6.0,14.194,14.447000000000001,0
Microbiology,6,6.0,0.813,0.903,0
Nature Immunology,10,8.0,25.668000000000003,25.934,0
Nature Methods,6,8.0,20.721,19.285999999999998,0
Cell,8,8.0,32.406,34.931,0
The Journal of Biological Chemistry,6,6.0,5.327999999999999,5.497999999999999,0
Nature Immunology,6,6.0,25.668000000000003,25.934,0
Science,8,8.0,31.377,31.776999999999997,0
Plant Physiology,6,6.0,6.4510000000000005,7.016,0
Nature,8,8.0,36.104,35.248000000000005,0
Nature,8,10.0,36.104,35.248000000000005,0
Science,6,8.0,31.377,31.776999999999997,0
Immunity,8,8.0,24.221,22.133000000000003,0
Nature,8,8.0,36.104,35.248000000000005,0
Proceedings,8,6.0,9.771,10.591,0
Nature Neuroscience,10,8.0,14.190999999999999,16.19,0
Journal of Immunology,6,6.0,5.745,5.909,0
Nature,8,8.0,36.104,35.248000000000005,1
Science,10,6.0,31.377,31.776999999999997,0
Neuron,8,6.0,14.027000000000001,14.927,0
Journal of Molecular Biology,6,6.0,4.008,4.095,0
Proceedings,8,8.0,9.771,10.591,0
The Journal of Neuroscience,6,10.0,7.271,8.068,0
Nature Immunology,8,8.0,25.668000000000003,25.934,0
Nature,6,8.0,36.104,35.248000000000005,0
Proceedings,6,6.0,9.771,10.591,0
Current Biology,6,6.0,10.026,11.436,0
The Plant Cell,8,6.0,9.396,10.648,0
Nature Structural &amp; Molecular Biology,10,6.0,13.685,12.481,0
The Plant Cell,6,6.0,9.396,10.648,0
The Plant Cell,6,6.0,9.396,10.648,0
The Journal of Cell Biology,6,6.0,9.921,10.123,0
Nature Genetics,8,10.0,36.376999999999995,32.701,0
Cell,8,8.0,32.406,34.931,0
Cell,8,6.0,32.406,34.931,0
Genome Research,6,6.0,13.588,11.970999999999998,1
Molecular Biology of the Cell,6,6.0,5.861000000000001,5.949,0
Science,10,8.0,31.377,31.776999999999997,1
Nature Cell Biology,8,8.0,19.407,19.578,0
Nature,8,8.0,36.104,35.248000000000005,0
Cell,10,8.0,32.406,34.931,0
Cell,8,6.0,32.406,34.931,0
Proceedings,8,6.0,9.771,10.591,0
Immunity,8,6.0,24.221,22.133000000000003,0
Biochemistry,6,6.0,3.2260000000000004,3.15,0
Proceedings,8,8.0,9.771,10.591,0
Cell,6,6.0,32.406,34.931,0
Nature,8,6.0,36.104,35.248000000000005,1
Nature Structural &amp; Molecular Biology,8,6.0,13.685,12.481,0
Developmental Cell,6,8.0,13.946,14.24,0
Molecular Microbiology,6,6.0,4.819,5.207000000000001,0
Proceedings,6,8.0,9.771,10.591,0
PLoS Pathogens,8,8.0,9.079,9.675,0
Nature Genetics,8,8.0,36.376999999999995,32.701,0
Science,10,6.0,31.377,31.776999999999997,1
Proceedings,6,6.0,9.771,10.591,0
Cell,8,8.0,32.406,34.931,0
PLoS Genetics,6,6.0,9.543,10.054,0
Science,6,8.0,31.377,31.776999999999997,0
Neuron,8,6.0,14.027000000000001,14.927,0
Ecology Letters,6,6.0,15.253,14.261,0
Nature Genetics,8,8.0,36.376999999999995,32.701,1
Science,10,8.0,31.377,31.776999999999997,0
Cell,10,6.0,32.406,34.931,1
Nature,6,8.0,36.104,35.248000000000005,0
Science,8,10.0,31.377,31.776999999999997,0
Journal of the American Chemical Society,10,8.0,9.023,8.981,0
The Plant Journal: for Cell and Molecular Biology,8,6.0,6.9479999999999995,7.325,0
Molecular Cell,6,8.0,14.194,14.447000000000001,0
Molecular Cell,8,8.0,14.194,14.447000000000001,0
Nature,6,6.0,36.104,35.248000000000005,0
Science,8,6.0,31.377,31.776999999999997,0
Science,10,8.0,31.377,31.776999999999997,1
Nature,8,8.0,36.104,35.248000000000005,0
Nature Immunology,8,6.0,25.668000000000003,25.934,0
PLoS Biology,6,6.0,12.472000000000001,14.376,0
Cell,8,8.0,32.406,34.931,0
Cell,6,10.0,32.406,34.931,0
Science,8,10.0,31.377,31.776999999999997,1
The New England Journal of Medicine,8,6.0,53.486000000000004,52.363,1
Proceedings,6,6.0,9.771,10.591,0
Proceedings,8,6.0,9.771,10.591,0
Cell,6,8.0,32.406,34.931,0
Nature Cell Biology,8,8.0,19.407,19.578,0
Proceedings,6,6.0,9.771,10.591,0
The Journal of Neuroscience,6,6.0,7.271,8.068,0
The Journal of Experimental Medicine,6,6.0,14.776,15.7,0
Journal of Molecular Biology,6,6.0,4.008,4.095,0
Cell,6,6.0,32.406,34.931,0
Nature,8,6.0,36.104,35.248000000000005,0
Nature,10,8.0,36.104,35.248000000000005,0
The Journal of Biological Chemistry,6,6.0,5.327999999999999,5.497999999999999,0
The Plant Journal: for Cell and Molecular Biology,6,6.0,6.9479999999999995,7.325,0
Nature Cell Biology,8,6.0,19.407,19.578,0
The Journal of General Physiology,6,8.0,4.283,4.712,0
Proceedings,6,6.0,9.771,10.591,0
The Journal of Experimental Medicine,8,8.0,14.776,15.7,0
Cell,8,8.0,32.406,34.931,1
Animal Cognition,6,6.0,2.82,3.116,0
The EMBO Journal,6,8.0,10.124,9.369,0
Science,10,8.0,31.377,31.776999999999997,0
Science,6,10.0,31.377,31.776999999999997,1
Nature,6,10.0,36.104,35.248000000000005,0
Science,8,6.0,31.377,31.776999999999997,0
Cell,6,6.0,32.406,34.931,0
Cell,8,6.0,32.406,34.931,0
The Plant Cell,6,8.0,9.396,10.648,0
Proceedings,6,6.0,9.771,10.591,0
PLoS Biology,8,6.0,12.472000000000001,14.376,0
Proceedings,6,6.0,9.771,10.591,0
Proceedings,8,6.0,9.771,10.591,0
Molecular Microbiology,6,8.0,4.819,5.207000000000001,0
Nature Neuroscience,8,8.0,14.190999999999999,16.19,0
Nature,8,8.0,36.104,35.248000000000005,1
Nature,6,8.0,36.104,35.248000000000005,1
Molecular Microbiology,6,6.0,4.819,5.207000000000001,0
Nature Neuroscience,6,6.0,14.190999999999999,16.19,0
The Plant Journal: for Cell and Molecular Biology,8,6.0,6.9479999999999995,7.325,0
Molecular Endocrinology,10,8.0,4.888999999999999,5.224,0
Science,10,8.0,31.377,31.776999999999997,0
Cell,6,6.0,32.406,34.931,1
Ecology,6,6.0,5.073,6.218,0
Science,8,8.0,31.377,31.776999999999997,0
Genes &amp; Development,8,8.0,12.889000000000001,13.892000000000001,0
Nature,10,6.0,36.104,35.248000000000005,0
Neuron,8,6.0,14.027000000000001,14.927,0
Nature Genetics,10,8.0,36.376999999999995,32.701,0
Cell,8,8.0,32.406,34.931,0
Cancer Cell,6,6.0,26.925,28.438000000000002,0
Nature,8,8.0,36.104,35.248000000000005,1
Current Biology,6,8.0,10.026,11.436,0
Journal of Neuroimmunology,6,6.0,2.9010000000000002,2.9419999999999997,0
The Journal of Neuroscience,6,6.0,7.271,8.068,0
Neuron,8,6.0,14.027000000000001,14.927,0
Molecular Cell,6,6.0,14.194,14.447000000000001,0
Science,8,8.0,31.377,31.776999999999997,1
Cell,8,10.0,32.406,34.931,0
Nature Genetics,8,10.0,36.376999999999995,32.701,0
Nature Genetics,6,6.0,36.376999999999995,32.701,0
Applied and Environmental Microbiology,6,6.0,3.778,4.529,0
Science,8,6.0,31.377,31.776999999999997,0
Immunity,10,10.0,24.221,22.133000000000003,0
Cell,10,6.0,32.406,34.931,0
Nature,6,6.0,36.104,35.248000000000005,0
Nature Neuroscience,8,6.0,14.190999999999999,16.19,0
PLoS Genetics,8,8.0,9.543,10.054,0
Nature Genetics,6,8.0,36.376999999999995,32.701,0
Hippocampus,6,6.0,4.609,5.289,0
Nature,8,6.0,36.104,35.248000000000005,0
Neuron,8,10.0,14.027000000000001,14.927,0
Nature,10,8.0,36.104,35.248000000000005,0
Journal of Virology,8,8.0,5.189,5.257000000000001,0
The Journal of Clinical Investigation,6,8.0,14.152000000000001,16.641,0
Nature Cell Biology,6,6.0,19.407,19.578,0
EMBO Reports,6,8.0,7.822,7.4879999999999995,0
PLoS Biology,6,8.0,12.472000000000001,14.376,0
Nature Genetics,6,6.0,36.376999999999995,32.701,0
Nature,10,10.0,36.104,35.248000000000005,1
Science,8,10.0,31.377,31.776999999999997,0
The Journal of Neuroscience,6,6.0,7.271,8.068,0
Proceedings,8,8.0,9.771,10.591,0
Nature,8,10.0,36.104,35.248000000000005,1
Nature Structural &amp; Molecular Biology,6,8.0,13.685,12.481,0
Nature,8,6.0,36.104,35.248000000000005,0
Cell,10,8.0,32.406,34.931,0
Nature Immunology,8,10.0,25.668000000000003,25.934,0
Nature Cell Biology,6,8.0,19.407,19.578,0
Nature,6,8.0,36.104,35.248000000000005,0
Cancer Cell,6,6.0,26.925,28.438000000000002,0
Molecular Cell,6,6.0,14.194,14.447000000000001,0
Nature,10,10.0,36.104,35.248000000000005,0
Nature Medicine,8,8.0,25.43,27.886999999999997,0
Current Biology,8,6.0,10.026,11.436,0
Science,8,8.0,31.377,31.776999999999997,0
The American Naturalist,6,8.0,4.736000000000001,5.385,0
Nature Cell Biology,8,6.0,19.407,19.578,0
Developmental Cell,8,8.0,13.946,14.24,0
The Plant Cell,6,6.0,9.396,10.648,0
Cell,10,8.0,32.406,34.931,0
Science,10,6.0,31.377,31.776999999999997,0
Development,6,6.0,6.898,7.476,0
Molecular Cell,8,6.0,14.194,14.447000000000001,0
Science,6,8.0,31.377,31.776999999999997,0
Proceedings,6,10.0,9.771,10.591,0
Nature,6,6.0,36.104,35.248000000000005,0
Nature Immunology,6,8.0,25.668000000000003,25.934,0
Science,8,6.0,31.377,31.776999999999997,1
Genes &amp; Development,6,6.0,12.889000000000001,13.892000000000001,0
The Journal of Biological Chemistry,6,6.0,5.327999999999999,5.497999999999999,0
Molecular Cell,8,8.0,14.194,14.447000000000001,0
Science,8,10.0,31.377,31.776999999999997,1
Nature,8,6.0,36.104,35.248000000000005,0
Cell,8,8.0,32.406,34.931,0
The Journal of Biological Chemistry,6,6.0,5.327999999999999,5.497999999999999,0
Science,6,6.0,31.377,31.776999999999997,0
Proceedings,6,6.0,9.771,10.591,0
Nature,8,6.0,36.104,35.248000000000005,0
Science,10,8.0,31.377,31.776999999999997,0
PLoS Biology,6,10.0,12.472000000000001,14.376,0
Molecular Cell,8,6.0,14.194,14.447000000000001,0
Science,8,6.0,31.377,31.776999999999997,0
Cell,8,8.0,32.406,34.931,0
Genome Research,6,6.0,13.588,11.970999999999998,0
Development,6,6.0,6.898,7.476,0
Current Biology,8,6.0,10.026,11.436,0
Science,6,10.0,31.377,31.776999999999997,0
Cell,6,8.0,32.406,34.931,0
Current Biology,8,6.0,10.026,11.436,0
Nature,6,6.0,36.104,35.248000000000005,0
Journal of the American Chemical Society,6,6.0,9.023,8.981,0
Nature,8,8.0,36.104,35.248000000000005,0
Nature Immunology,10,6.0,25.668000000000003,25.934,0
The Journal of Cell Biology,6,6.0,9.921,10.123,0
Science,10,6.0,31.377,31.776999999999997,0
Current Biology,6,6.0,10.026,11.436,0
Nature,6,10.0,36.104,35.248000000000005,0
Journal of Medicinal Chemistry,6,8.0,5.207000000000001,5.18,0
Nature,6,8.0,36.104,35.248000000000005,0
Cell,6,6.0,32.406,34.931,0
Nature Immunology,6,6.0,25.668000000000003,25.934,0
The Journal of Cell Biology,6,8.0,9.921,10.123,0
The Plant Cell,6,6.0,9.396,10.648,0
Journal of the American Chemical Society,6,6.0,9.023,8.981,0
Eukaryotic Cell,6,6.0,3.395,3.637,0
The Journal of Cell Biology,6,6.0,9.921,10.123,0
Genome Biology,6,8.0,6.885,7.354,0
Nature,10,6.0,36.104,35.248000000000005,0
The Plant Cell,8,6.0,9.396,10.648,0
Science,8,8.0,31.377,31.776999999999997,0
Nature Genetics,6,6.0,36.376999999999995,32.701,1
Cell,6,6.0,32.406,34.931,0
Nature Immunology,8,8.0,25.668000000000003,25.934,0
Nature,10,6.0,36.104,35.248000000000005,0
The EMBO Journal,8,6.0,10.124,9.369,0
Molecular Biology of the Cell,10,8.0,5.861000000000001,5.949,0
Nature,10,8.0,36.104,35.248000000000005,0
Immunity,8,6.0,24.221,22.133000000000003,1
Nature,8,8.0,36.104,35.248000000000005,0
The Journal of Experimental Medicine,6,6.0,14.776,15.7,1
Cell,8,8.0,32.406,34.931,0
Nature Immunology,8,6.0,25.668000000000003,25.934,0
Journal of the American Chemical Society,6,6.0,9.023,8.981,0
Science,8,8.0,31.377,31.776999999999997,0
Neuron,6,8.0,14.027000000000001,14.927,0
Ecology,6,6.0,5.073,6.218,0
Proceedings. Biological Sciences / the Royal Society,6,6.0,5.064,5.443,0
Development,10,6.0,6.898,7.476,0
The Journal of Cell Biology,6,6.0,9.921,10.123,0
Cancer Cell,8,6.0,26.925,28.438000000000002,0
Cell,8,10.0,32.406,34.931,0
Science,8,8.0,31.377,31.776999999999997,0
Journal of the American Chemical Society,6,6.0,9.023,8.981,0
Science,8,8.0,31.377,31.776999999999997,0
Journal of Cell Science,6,8.0,6.29,6.731,0
Proceedings,10,6.0,9.771,10.591,0
Nature,8,8.0,36.104,35.248000000000005,0
The Journal of Biological Chemistry,8,6.0,5.327999999999999,5.497999999999999,0
Science,10,6.0,31.377,31.776999999999997,1
Nature,10,10.0,36.104,35.248000000000005,1
Nature Chemical Biology,10,6.0,15.808,16.320999999999998,0
Nature Genetics,8,6.0,36.376999999999995,32.701,1
Science,10,6.0,31.377,31.776999999999997,0
Nature,8,6.0,36.104,35.248000000000005,1
Nature,8,6.0,36.104,35.248000000000005,0
Nature,6,8.0,36.104,35.248000000000005,0
Development,6,6.0,6.898,7.476,0
Science,8,8.0,31.377,31.776999999999997,0
Science,8,10.0,31.377,31.776999999999997,0
Proceedings,8,10.0,9.771,10.591,0
Science,8,6.0,31.377,31.776999999999997,0
Developmental Cell,6,6.0,13.946,14.24,0
Science,8,8.0,31.377,31.776999999999997,1
Nature,8,6.0,36.104,35.248000000000005,0
Nature,8,6.0,36.104,35.248000000000005,0
Nature,8,8.0,36.104,35.248000000000005,0
Proceedings,10,6.0,9.771,10.591,0
The Journal of Cell Biology,8,6.0,9.921,10.123,0
Nature,8,6.0,36.104,35.248000000000005,0
Science,6,6.0,31.377,31.776999999999997,0
Developmental Cell,8,8.0,13.946,14.24,0
Nature,10,8.0,36.104,35.248000000000005,0
The Journal of Biological Chemistry,6,6.0,5.327999999999999,5.497999999999999,0
Proceedings. Biological Sciences / the Royal Society,6,6.0,5.064,5.443,0
Nature,10,6.0,36.104,35.248000000000005,0
Nature,8,6.0,36.104,35.248000000000005,1
Science,10,10.0,31.377,31.776999999999997,1
Science,8,6.0,31.377,31.776999999999997,1
Developmental Cell,8,8.0,13.946,14.24,0
Cell,6,8.0,32.406,34.931,0
Proceedings,6,6.0,9.771,10.591,0
Ecology Letters,6,6.0,15.253,14.261,0
Developmental Biology,6,8.0,4.093999999999999,4.42,0
Proceedings,8,8.0,9.771,10.591,0
Science,6,10.0,31.377,31.776999999999997,0
Molecular Cell,8,6.0,14.194,14.447000000000001,0
Journal of Immunology,6,6.0,5.745,5.909,0
Nature,8,8.0,36.104,35.248000000000005,0
Immunity,10,8.0,24.221,22.133000000000003,0
Nature,8,8.0,36.104,35.248000000000005,0
Nature Chemical Biology,6,8.0,15.808,16.320999999999998,0
Proceedings,6,6.0,9.771,10.591,0
Neuron,6,8.0,14.027000000000001,14.927,0
Developmental Cell,6,8.0,13.946,14.24,0
The Journal of Biological Chemistry,8,8.0,5.327999999999999,5.497999999999999,0
Nature Medicine,8,8.0,25.43,27.886999999999997,0
Genes &amp; Development,8,6.0,12.889000000000001,13.892000000000001,0
Nature,8,8.0,36.104,35.248000000000005,1
Statistical Applications in Genetics and Molecular Biology,10,10.0,1.8419999999999999,2.182,0
Science,6,6.0,31.377,31.776999999999997,0
Nature,6,6.0,36.104,35.248000000000005,1
Nature Cell Biology,6,6.0,19.407,19.578,0
The Journal of Cell Biology,8,6.0,9.921,10.123,0
The Plant Cell,6,6.0,9.396,10.648,0
The Journal of Infectious Diseases,6,6.0,6.287999999999999,6.103,0
Science,8,8.0,31.377,31.776999999999997,0
Science,6,10.0,31.377,31.776999999999997,0
Nature,8,10.0,36.104,35.248000000000005,0
Neuron,8,6.0,14.027000000000001,14.927,0
Nature,8,6.0,36.104,35.248000000000005,0
Molecular Cell,8,8.0,14.194,14.447000000000001,0
Journal of Bacteriology,8,6.0,3.7260000000000004,3.818,0
Nature,10,10.0,36.104,35.248000000000005,0
Nucleic Acids Research,10,8.0,7.836,7.314,0
Ecological monographs,6,6.0,5.938,8.827,0
Neuron,8,8.0,14.027000000000001,14.927,0
Nature,6,8.0,36.104,35.248000000000005,0
Nature,10,8.0,36.104,35.248000000000005,0
Nature,8,8.0,36.104,35.248000000000005,0
Science,10,6.0,31.377,31.776999999999997,1
Science,6,8.0,31.377,31.776999999999997,0
Cell,10,10.0,32.406,34.931,0
Journal of Molecular Biology,6,8.0,4.008,4.095,0
Science,10,8.0,31.377,31.776999999999997,0
Nature Neuroscience,8,8.0,14.190999999999999,16.19,1
Infection and Immunity,8,6.0,4.098,4.091,0
Evolution; International Journal of Organic Evolution,6,6.0,5.659,6.041,0
Science,10,10.0,31.377,31.776999999999997,0
Nature Immunology,6,8.0,25.668000000000003,25.934,0
The Plant Cell,8,6.0,9.396,10.648,0
Cell,8,8.0,32.406,34.931,0
The Journal of Clinical Investigation,8,8.0,14.152000000000001,16.641,0
The EMBO Journal,6,6.0,10.124,9.369,0
Cell,6,6.0,32.406,34.931,0
Journal of Neurophysiology,8,6.0,3.114,3.6860000000000004,0
Nature,8,10.0,36.104,35.248000000000005,1
Nature,8,6.0,36.104,35.248000000000005,0
Science,6,8.0,31.377,31.776999999999997,0
Neuron,6,6.0,14.027000000000001,14.927,0
Nature Neuroscience,6,6.0,14.190999999999999,16.19,0
The Journal of Cell Biology,8,6.0,9.921,10.123,0
Developmental Cell,8,8.0,13.946,14.24,0
Cell,6,6.0,32.406,34.931,0
Nature,6,6.0,36.104,35.248000000000005,0
Nature,10,8.0,36.104,35.248000000000005,0
Science,6,6.0,31.377,31.776999999999997,0
Eukaryotic Cell,8,6.0,3.395,3.637,0
The Journal of Cell Biology,8,6.0,9.921,10.123,0
Nature,8,6.0,36.104,35.248000000000005,0
Nature Cell Biology,6,6.0,19.407,19.578,0
Cell,8,8.0,32.406,34.931,0
Nature,6,6.0,36.104,35.248000000000005,0
Protein Expression and Purification,6,6.0,1.6440000000000001,1.925,0
Journal of the American Chemical Society,6,6.0,9.023,8.981,0
Molecular and Cellular Biology,6,6.0,6.188,6.381,0
Molecular Biology of the Cell,8,8.0,5.861000000000001,5.949,0
Nature,8,8.0,36.104,35.248000000000005,0
Nature Medicine,8,8.0,25.43,27.886999999999997,0
Nature Genetics,8,8.0,36.376999999999995,32.701,0
Science,10,10.0,31.377,31.776999999999997,1
EMBO Reports,6,6.0,7.822,7.4879999999999995,0
The Journal of Cell Biology,6,8.0,9.921,10.123,0
Developmental Cell,6,6.0,13.946,14.24,0
Nature,10,8.0,36.104,35.248000000000005,0
Nature,10,10.0,36.104,35.248000000000005,0
The Journal of Cell Biology,6,8.0,9.921,10.123,0
Science,6,8.0,31.377,31.776999999999997,0
Nature,8,8.0,36.104,35.248000000000005,0
Neuron,6,8.0,14.027000000000001,14.927,0
Nature Genetics,8,8.0,36.376999999999995,32.701,0
The Plant Cell,6,6.0,9.396,10.648,0
The Journal of Clinical Investigation,6,8.0,14.152000000000001,16.641,1
Cell,6,10.0,32.406,34.931,0
The EMBO Journal,8,10.0,10.124,9.369,0
Nature Cell Biology,6,8.0,19.407,19.578,0
Nature,8,6.0,36.104,35.248000000000005,0
Journal of Molecular Biology,6,6.0,4.008,4.095,0
The Plant Cell,8,6.0,9.396,10.648,0
Genetics,6,6.0,4.087,4.311,0
Science,8,8.0,31.377,31.776999999999997,0
Cell,10,10.0,32.406,34.931,0
Nature,6,6.0,36.104,35.248000000000005,0
Science,10,10.0,31.377,31.776999999999997,0
Nature,6,8.0,36.104,35.248000000000005,0
Journal of the American Chemical Society,6,6.0,9.023,8.981,0
Neuron,8,10.0,14.027000000000001,14.927,0
Science,10,6.0,31.377,31.776999999999997,0
Molecular Biology and Evolution,8,10.0,5.51,8.907,0
Science,8,8.0,31.377,31.776999999999997,0
Science,6,10.0,31.377,31.776999999999997,0
Development,6,6.0,6.898,7.476,0
Nature Medicine,10,10.0,25.43,27.886999999999997,1
Neuron,6,6.0,14.027000000000001,14.927,0
Nature Immunology,6,6.0,25.668000000000003,25.934,0
Developmental Cell,6,6.0,13.946,14.24,0
Journal of Virology,10,8.0,5.189,5.257000000000001,0
Molecular Cell,8,6.0,14.194,14.447000000000001,1
Genes &amp; Development,8,8.0,12.889000000000001,13.892000000000001,1
Cell,6,10.0,32.406,34.931,0
Neuron,8,8.0,14.027000000000001,14.927,0
Structure,6,6.0,6.337000000000001,5.859,0
PLoS Biology,8,8.0,12.472000000000001,14.376,1
Proceedings,6,6.0,9.771,10.591,0
The Plant Cell,8,8.0,9.396,10.648,0
Biochemistry,8,6.0,3.2260000000000004,3.15,0
Developmental Cell,6,8.0,13.946,14.24,0
Science,10,10.0,31.377,31.776999999999997,0
Nature Immunology,6,8.0,25.668000000000003,25.934,0
PLoS Biology,10,8.0,12.472000000000001,14.376,0
Journal of Immunology,6,6.0,5.745,5.909,0
Science,8,6.0,31.377,31.776999999999997,0
Journal of the American Chemical Society,8,6.0,9.023,8.981,0
Science,6,8.0,31.377,31.776999999999997,1
Developmental Cell,6,8.0,13.946,14.24,0
PLoS Biology,8,6.0,12.472000000000001,14.376,0
Nature,8,8.0,36.104,35.248000000000005,0
Nature Immunology,8,8.0,25.668000000000003,25.934,0
Nature Genetics,8,10.0,36.376999999999995,32.701,0
Immunity,8,6.0,24.221,22.133000000000003,0
Journal of the American Chemical Society,8,6.0,9.023,8.981,0
The Journal of Experimental Medicine,6,8.0,14.776,15.7,1
Proceedings,6,8.0,9.771,10.591,0
Proceedings,6,8.0,9.771,10.591,0
Molecular Biology of the Cell,6,6.0,5.861000000000001,5.949,0
Nature,8,8.0,36.104,35.248000000000005,0
Nature,8,10.0,36.104,35.248000000000005,1
The Journal of Biological Chemistry,6,6.0,5.327999999999999,5.497999999999999,0
PLoS Biology,6,6.0,12.472000000000001,14.376,0
Current Biology,6,6.0,10.026,11.436,0
Nature,10,8.0,36.104,35.248000000000005,0
Nature,8,8.0,36.104,35.248000000000005,0
The Journal of Clinical Investigation,10,8.0,14.152000000000001,16.641,0
Molecular and Cellular Biology,6,6.0,6.188,6.381,0
Science,6,10.0,31.377,31.776999999999997,1
Cell,8,6.0,32.406,34.931,0
Nature,6,8.0,36.104,35.248000000000005,0
Proceedings,6,8.0,9.771,10.591,0
Nature,10,6.0,36.104,35.248000000000005,1
Science,8,6.0,31.377,31.776999999999997,0
Proceedings,6,6.0,9.771,10.591,0
The Journal of Cell Biology,6,6.0,9.921,10.123,0
Proceedings,10,10.0,9.771,10.591,1
Science,8,6.0,31.377,31.776999999999997,0
Nature,6,10.0,36.104,35.248000000000005,1
Nature Immunology,8,8.0,25.668000000000003,25.934,0
Applied and Environmental Microbiology,8,6.0,3.778,4.529,0
Molecular Biology and Evolution,6,6.0,5.51,8.907,0
Nature,6,6.0,36.104,35.248000000000005,0
Nature Medicine,10,8.0,25.43,27.886999999999997,0
Nature Immunology,6,8.0,25.668000000000003,25.934,0
Developmental Cell,8,6.0,13.946,14.24,0
The Plant Cell,6,6.0,9.396,10.648,0
The Journal of Experimental Medicine,6,8.0,14.776,15.7,0
The Journal of Cell Biology,6,6.0,9.921,10.123,0
Molecular Cell,8,6.0,14.194,14.447000000000001,0
Neuron,6,8.0,14.027000000000001,14.927,0
Development,6,8.0,6.898,7.476,0
Nature,10,6.0,36.104,35.248000000000005,0
Biochemistry,8,6.0,3.2260000000000004,3.15,0
Science,6,6.0,31.377,31.776999999999997,0
Science,10,10.0,31.377,31.776999999999997,0
Theoretical Population Biology,8,8.0,1.8,2.057,0
Cell,8,8.0,32.406,34.931,1
Molecular Cell,6,6.0,14.194,14.447000000000001,0
Nature Neuroscience,8,8.0,14.190999999999999,16.19,0
Science,8,8.0,31.377,31.776999999999997,0
The Journal of Clinical Investigation,10,6.0,14.152000000000001,16.641,0
Genome Biology,8,8.0,6.885,7.354,0
Proceedings,6,6.0,9.771,10.591,0
Cell,10,8.0,32.406,34.931,0
Nature,6,6.0,36.104,35.248000000000005,0
Genome Biology,8,6.0,6.885,7.354,0
Proceedings,10,6.0,9.771,10.591,0
Ecology Letters,8,8.0,15.253,14.261,0
Nature,8,10.0,36.104,35.248000000000005,0
Science,8,8.0,31.377,31.776999999999997,0
The Journal of Clinical Investigation,8,6.0,14.152000000000001,16.641,0
Respiratory Physiology &amp; Neurobiology,6,6.0,2.3819999999999997,2.325,0
Nature Medicine,8,6.0,25.43,27.886999999999997,0
Nature Genetics,8,6.0,36.376999999999995,32.701,1
Archives of Microbiology,6,6.0,1.754,1.8840000000000001,0
Development,8,6.0,6.898,7.476,0
Cell,8,8.0,32.406,34.931,0
Developmental Cell,6,6.0,13.946,14.24,0
Nature,6,6.0,36.104,35.248000000000005,0
Nature Immunology,8,8.0,25.668000000000003,25.934,0
Nature Neuroscience,6,6.0,14.190999999999999,16.19,0
Nature Neuroscience,6,8.0,14.190999999999999,16.19,0
Current Biology,6,6.0,10.026,11.436,0
Nature Immunology,6,8.0,25.668000000000003,25.934,0
Proceedings,8,10.0,9.771,10.591,0
Science,6,10.0,31.377,31.776999999999997,0
Science,8,8.0,31.377,31.776999999999997,0
The Journal of Experimental Medicine,10,8.0,14.776,15.7,0
Science,8,6.0,31.377,31.776999999999997,0
Nature,8,6.0,36.104,35.248000000000005,0
Science,6,8.0,31.377,31.776999999999997,0
Nature Structural &amp; Molecular Biology,8,8.0,13.685,12.481,0
Nature,10,6.0,36.104,35.248000000000005,0
Nature Neuroscience,8,6.0,14.190999999999999,16.19,0
Science,8,10.0,31.377,31.776999999999997,0
The Journal of Biological Chemistry,6,6.0,5.327999999999999,5.497999999999999,0
Science,8,10.0,31.377,31.776999999999997,1
Nature,8,8.0,36.104,35.248000000000005,0
Development,8,6.0,6.898,7.476,0
Science,6,10.0,31.377,31.776999999999997,0
Cell,6,6.0,32.406,34.931,1
The Journal of Cell Biology,8,8.0,9.921,10.123,1
Current Biology,6,8.0,10.026,11.436,0
Proceedings,8,8.0,9.771,10.591,0
Nature Immunology,8,6.0,25.668000000000003,25.934,0
Nature Medicine,8,6.0,25.43,27.886999999999997,0
The Journal of Cell Biology,8,6.0,9.921,10.123,0
Molecular Cell,8,6.0,14.194,14.447000000000001,0
Developmental Cell,6,6.0,13.946,14.24,0
Nature,6,10.0,36.104,35.248000000000005,0
Nature,8,6.0,36.104,35.248000000000005,0
Molecular Microbiology,6,6.0,4.819,5.207000000000001,0
Nature Cell Biology,8,8.0,19.407,19.578,0
Science,8,8.0,31.377,31.776999999999997,0
Nature,8,8.0,36.104,35.248000000000005,0
The Journal of Experimental Medicine,6,8.0,14.776,15.7,0
Journal of Immunology,6,6.0,5.745,5.909,0
Nature,8,8.0,36.104,35.248000000000005,0
Nature,10,8.0,36.104,35.248000000000005,1
The Journal of Clinical Investigation,6,6.0,14.152000000000001,16.641,0
Nature Biotechnology,6,6.0,31.09,29.065,1
Science,10,8.0,31.377,31.776999999999997,0
Science,8,8.0,31.377,31.776999999999997,0
Science,8,8.0,31.377,31.776999999999997,0
Angewandte Chemie,6,6.0,12.73,12.05,0
Development,8,6.0,6.898,7.476,0
Human Molecular Genetics,8,6.0,8.058,8.145,0
Nature,8,6.0,36.104,35.248000000000005,0
The Journal of Cell Biology,6,6.0,9.921,10.123,0
Immunity,6,6.0,24.221,22.133000000000003,0
Journal of Immunology,6,6.0,5.745,5.909,0
Nature Biotechnology,6,8.0,31.09,29.065,0
Cell,10,10.0,32.406,34.931,0
Nature,6,10.0,36.104,35.248000000000005,0
Journal of Immunology,6,6.0,5.745,5.909,0
Proceedings,6,8.0,9.771,10.591,0
The Plant Cell,6,6.0,9.396,10.648,0
Cell,8,10.0,32.406,34.931,0
The Plant Journal: for Cell and Molecular Biology,8,6.0,6.9479999999999995,7.325,0
PLoS Biology,8,8.0,12.472000000000001,14.376,0
Nature,6,6.0,36.104,35.248000000000005,0
Molecular Biology of the Cell,6,6.0,5.861000000000001,5.949,0
Science,8,8.0,31.377,31.776999999999997,0
Science,8,6.0,31.377,31.776999999999997,0
Genes &amp; Development,6,6.0,12.889000000000001,13.892000000000001,0
Nature,8,8.0,36.104,35.248000000000005,1
Nature,8,8.0,36.104,35.248000000000005,1
Developmental Cell,6,8.0,13.946,14.24,0
Cell,8,8.0,32.406,34.931,0
The EMBO Journal,8,6.0,10.124,9.369,0
Proceedings,8,6.0,9.771,10.591,0
Genes &amp; Development,8,6.0,12.889000000000001,13.892000000000001,0
Proceedings,10,10.0,9.771,10.591,0
Nature,6,8.0,36.104,35.248000000000005,0
The American Naturalist,6,8.0,4.736000000000001,5.385,0
Neuron,6,8.0,14.027000000000001,14.927,0
Environmental Microbiology,8,6.0,5.537000000000001,5.638,0
The Plant Cell,6,6.0,9.396,10.648,0
Science,8,6.0,31.377,31.776999999999997,1
Science,6,10.0,31.377,31.776999999999997,0
Science,10,8.0,31.377,31.776999999999997,1
Nature,8,8.0,36.104,35.248000000000005,0
Nature Genetics,6,8.0,36.376999999999995,32.701,0
The Journal of Cell Biology,6,6.0,9.921,10.123,0
Development,6,6.0,6.898,7.476,0
Nature Cell Biology,8,6.0,19.407,19.578,0
Nature Structural &amp; Molecular Biology,6,6.0,13.685,12.481,0
Science,8,8.0,31.377,31.776999999999997,0
Molecular Cell,8,6.0,14.194,14.447000000000001,0
Nature Neuroscience,8,6.0,14.190999999999999,16.19,0
Diabetes,6,8.0,8.889,8.484,0
Nature Immunology,10,6.0,25.668000000000003,25.934,0
Science,10,8.0,31.377,31.776999999999997,1
Proceedings,8,6.0,9.771,10.591,0
Nature,6,8.0,36.104,35.248000000000005,0
Neuron,8,6.0,14.027000000000001,14.927,0
Cell,8,8.0,32.406,34.931,0
Science,6,6.0,31.377,31.776999999999997,0
Proceedings,6,8.0,9.771,10.591,0
Cell,6,6.0,32.406,34.931,0
Proceedings,8,6.0,9.771,10.591,0
Cell,8,8.0,32.406,34.931,0
Neuron,8,6.0,14.027000000000001,14.927,0
Nature,8,10.0,36.104,35.248000000000005,1
Current Biology,6,8.0,10.026,11.436,0
Nature,10,10.0,36.104,35.248000000000005,0
Science,8,8.0,31.377,31.776999999999997,1
Science,6,8.0,31.377,31.776999999999997,0
The EMBO Journal,8,6.0,10.124,9.369,0
The Journal of Cell Biology,6,6.0,9.921,10.123,0
Science,8,6.0,31.377,31.776999999999997,0
Nature Cell Biology,8,8.0,19.407,19.578,0
Immunity,8,10.0,24.221,22.133000000000003,1
Ecology Letters,6,6.0,15.253,14.261,0
Molecular Biology of the Cell,6,6.0,5.861000000000001,5.949,0
Nature Cell Biology,6,6.0,19.407,19.578,0
Nature,6,6.0,36.104,35.248000000000005,0
Proceedings,10,8.0,9.771,10.591,0
Nature,8,10.0,36.104,35.248000000000005,0
Genetics,8,8.0,4.087,4.311,0
Current Biology,6,6.0,10.026,11.436,0
Nature Immunology,8,6.0,25.668000000000003,25.934,0
Proceedings,6,8.0,9.771,10.591,0
Cell,8,8.0,32.406,34.931,0
Proceedings,8,6.0,9.771,10.591,0
Frontiers in ecology and the environment,6,6.0,8.82,7.931,0
Nature,8,8.0,36.104,35.248000000000005,0
Journal of the American Chemical Society,6,6.0,9.023,8.981,0
Nature,8,8.0,36.104,35.248000000000005,1
Cell,8,8.0,32.406,34.931,0
The Journal of Experimental Medicine,6,6.0,14.776,15.7,0
Nano Letters,6,6.0,12.219000000000001,12.832,1
Nature,10,8.0,36.104,35.248000000000005,1
Nature,10,10.0,36.104,35.248000000000005,1
Proceedings,6,6.0,9.771,10.591,0
Immunity,6,8.0,24.221,22.133000000000003,0
Nature Immunology,6,8.0,25.668000000000003,25.934,0
Immunity,10,6.0,24.221,22.133000000000003,0
Molecular Cell,6,6.0,14.194,14.447000000000001,0
Cell,6,8.0,32.406,34.931,0
The Journal of Cell Biology,8,6.0,9.921,10.123,0
Cell,8,8.0,32.406,34.931,0
Neuron,8,8.0,14.027000000000001,14.927,0
Proceedings,8,6.0,9.771,10.591,0
Nature,8,10.0,36.104,35.248000000000005,0
Nature Genetics,6,8.0,36.376999999999995,32.701,1
Proceedings,8,6.0,9.771,10.591,0
Cell,6,8.0,32.406,34.931,0
Development,6,6.0,6.898,7.476,0
Molecular Cell,6,8.0,14.194,14.447000000000001,0
Nature Cell Biology,6,10.0,19.407,19.578,0
Nature,8,10.0,36.104,35.248000000000005,0
Nature,8,8.0,36.104,35.248000000000005,0
Science,8,8.0,31.377,31.776999999999997,0
Nature,8,10.0,36.104,35.248000000000005,0
PLoS Biology,8,6.0,12.472000000000001,14.376,0
Science,6,8.0,31.377,31.776999999999997,0
Nature,10,8.0,36.104,35.248000000000005,1
Science,8,10.0,31.377,31.776999999999997,0
The EMBO Journal,6,6.0,10.124,9.369,0
Neuron,8,8.0,14.027000000000001,14.927,0
Science,6,8.0,31.377,31.776999999999997,0
Journal of Molecular Biology,6,8.0,4.008,4.095,0
Science,6,6.0,31.377,31.776999999999997,0
PLoS Biology,6,6.0,12.472000000000001,14.376,0
Molecular and Cellular Biology,6,6.0,6.188,6.381,0
Molecular Biology of the Cell,6,6.0,5.861000000000001,5.949,0
Nature Neuroscience,8,10.0,14.190999999999999,16.19,0
Nature,8,8.0,36.104,35.248000000000005,0
Science,8,8.0,31.377,31.776999999999997,0
Cell,6,8.0,32.406,34.931,0
Nature,8,8.0,36.104,35.248000000000005,0
Nature,10,8.0,36.104,35.248000000000005,0
Science,6,8.0,31.377,31.776999999999997,0
Current Biology,6,6.0,10.026,11.436,0
Proceedings,6,6.0,9.771,10.591,0
Nature Medicine,8,6.0,25.43,27.886999999999997,0
Current Biology,6,6.0,10.026,11.436,0
Cell,8,8.0,32.406,34.931,0
Nature,8,8.0,36.104,35.248000000000005,0
Science,6,10.0,31.377,31.776999999999997,0
Developmental Cell,8,6.0,13.946,14.24,0
Nature Cell Biology,6,6.0,19.407,19.578,0
Nature,10,6.0,36.104,35.248000000000005,0
Nature,8,8.0,36.104,35.248000000000005,0
Cell,8,10.0,32.406,34.931,0
Applied and Environmental Microbiology,6,6.0,3.778,4.529,0
Journal of the American Chemical Society,8,6.0,9.023,8.981,0
The Plant Cell,6,6.0,9.396,10.648,0
The EMBO Journal,6,6.0,10.124,9.369,0
Nature,6,6.0,36.104,35.248000000000005,0
Journal of the American Chemical Society,8,6.0,9.023,8.981,0
Nature,6,8.0,36.104,35.248000000000005,0
Science,8,6.0,31.377,31.776999999999997,0
The Journal of Cell Biology,8,6.0,9.921,10.123,0
RNA (New York),6,6.0,6.051,5.486000000000001,0
Nature,8,8.0,36.104,35.248000000000005,0
Cellular Microbiology,6,6.0,5.625,5.428,0
Science,8,8.0,31.377,31.776999999999997,0
Cell,8,8.0,32.406,34.931,0
Science,6,8.0,31.377,31.776999999999997,0
Journal of Immunology,8,6.0,5.745,5.909,0
Development,6,8.0,6.898,7.476,0
Nature,8,6.0,36.104,35.248000000000005,0
Nature,6,6.0,36.104,35.248000000000005,0
The Journal of Biological Chemistry,8,8.0,5.327999999999999,5.497999999999999,0
Current Biology,6,6.0,10.026,11.436,0
Science,6,8.0,31.377,31.776999999999997,0
Proceedings,10,10.0,9.771,10.591,0
Nature,6,10.0,36.104,35.248000000000005,0
Molecular Cell,6,6.0,14.194,14.447000000000001,0
Molecular Microbiology,8,8.0,4.819,5.207000000000001,0
Science,6,6.0,31.377,31.776999999999997,0
Nature Cell Biology,8,6.0,19.407,19.578,0
Neuron,8,8.0,14.027000000000001,14.927,0
Proceedings,8,8.0,9.771,10.591,0
Nature,8,8.0,36.104,35.248000000000005,0
Journal of Immunology,8,6.0,5.745,5.909,0
Cancer Cell,8,6.0,26.925,28.438000000000002,0
Molecular Microbiology,6,6.0,4.819,5.207000000000001,0
The Journal of Experimental Medicine,6,6.0,14.776,15.7,0
Developmental Cell,8,6.0,13.946,14.24,0
Applied and Environmental Microbiology,6,6.0,3.778,4.529,0
Proceedings,8,10.0,9.771,10.591,0
Nature,8,8.0,36.104,35.248000000000005,1
Nature,8,8.0,36.104,35.248000000000005,0
Nature Biotechnology,6,6.0,31.09,29.065,0
Proceedings,8,6.0,9.771,10.591,0
Neuron,6,6.0,14.027000000000001,14.927,0
Nature Neuroscience,8,8.0,14.190999999999999,16.19,0
Proceedings,6,8.0,9.771,10.591,0
Proceedings,6,6.0,9.771,10.591,0
PLoS Biology,6,8.0,12.472000000000001,14.376,0
Nature Cell Biology,6,6.0,19.407,19.578,0
The Plant Journal: for Cell and Molecular Biology,6,8.0,6.9479999999999995,7.325,0
Nature Immunology,6,6.0,25.668000000000003,25.934,0
The Journal of Cell Biology,8,8.0,9.921,10.123,0
The Journal of Cell Biology,8,6.0,9.921,10.123,0
Immunity,8,8.0,24.221,22.133000000000003,0
Nature Cell Biology,8,6.0,19.407,19.578,0
The Journal of Experimental Medicine,8,8.0,14.776,15.7,0
Biochemistry,6,6.0,3.2260000000000004,3.15,0
Current Biology,8,6.0,10.026,11.436,0
Science,8,8.0,31.377,31.776999999999997,0
Molecular Biology of the Cell,6,6.0,5.861000000000001,5.949,0
Nature Cell Biology,6,6.0,19.407,19.578,0
Nature Neuroscience,6,8.0,14.190999999999999,16.19,0
The Journal of Experimental Medicine,6,8.0,14.776,15.7,0
Science,8,10.0,31.377,31.776999999999997,0
The Journal of Cell Biology,8,8.0,9.921,10.123,0
Science,6,6.0,31.377,31.776999999999997,0
Nature,8,8.0,36.104,35.248000000000005,0
Molecular Cell,8,6.0,14.194,14.447000000000001,0
Cell,8,6.0,32.406,34.931,0
Nature,10,8.0,36.104,35.248000000000005,0
Nature,8,8.0,36.104,35.248000000000005,1
Eukaryotic Cell,8,6.0,3.395,3.637,0
Science,6,8.0,31.377,31.776999999999997,0
Molecular Cell,8,10.0,14.194,14.447000000000001,0
Nature Structural &amp; Molecular Biology,8,10.0,13.685,12.481,0
Developmental Cell,8,8.0,13.946,14.24,0
Nature,8,8.0,36.104,35.248000000000005,1
The Journal of Cell Biology,6,6.0,9.921,10.123,0
Development,6,8.0,6.898,7.476,0
PLoS Biology,10,10.0,12.472000000000001,14.376,1
PLoS Biology,6,6.0,12.472000000000001,14.376,0
Cell,8,8.0,32.406,34.931,0
Science,8,6.0,31.377,31.776999999999997,0
Genes &amp; Development,6,6.0,12.889000000000001,13.892000000000001,0
Science,6,6.0,31.377,31.776999999999997,0
Proceedings,6,6.0,9.771,10.591,0
Science,8,6.0,31.377,31.776999999999997,0
Development,8,6.0,6.898,7.476,0
Science,8,8.0,31.377,31.776999999999997,0
Development,6,6.0,6.898,7.476,0
Nature,6,8.0,36.104,35.248000000000005,0
Nature Neuroscience,6,6.0,14.190999999999999,16.19,0
Proceedings,8,6.0,9.771,10.591,0
Cell,8,6.0,32.406,34.931,1
Cell,6,8.0,32.406,34.931,0
Nature Genetics,6,6.0,36.376999999999995,32.701,0
Science,8,6.0,31.377,31.776999999999997,0
The Journal of Experimental Medicine,6,6.0,14.776,15.7,0
Nature,8,10.0,36.104,35.248000000000005,0
Neuron,6,8.0,14.027000000000001,14.927,0
Nature Genetics,6,10.0,36.376999999999995,32.701,0
Science,6,6.0,31.377,31.776999999999997,0
Cell,6,10.0,32.406,34.931,0
Cell,10,8.0,32.406,34.931,0
Proceedings,8,8.0,9.771,10.591,0
Nature Immunology,8,6.0,25.668000000000003,25.934,0
Molecular Biology of the Cell,6,6.0,5.861000000000001,5.949,0
Nature Medicine,6,8.0,25.43,27.886999999999997,0
Journal of Immunology,6,8.0,5.745,5.909,0
The Journal of Neuroscience,8,6.0,7.271,8.068,0
Science,6,6.0,31.377,31.776999999999997,0
Nature Immunology,6,6.0,25.668000000000003,25.934,0
Molecular Biology of the Cell,8,6.0,5.861000000000001,5.949,0
Cell,6,6.0,32.406,34.931,0
Science,8,8.0,31.377,31.776999999999997,0
Gut,6,6.0,10.614,9.825,0
Nature Structural &amp; Molecular Biology,10,6.0,13.685,12.481,0
Nature,10,6.0,36.104,35.248000000000005,0
Nature Medicine,10,8.0,25.43,27.886999999999997,0
Cell,8,10.0,32.406,34.931,0
Nature Biotechnology,6,8.0,31.09,29.065,0
Proceedings,8,8.0,9.771,10.591,0
Molecular Cell,6,8.0,14.194,14.447000000000001,0
Nature,10,8.0,36.104,35.248000000000005,1
Nature,6,6.0,36.104,35.248000000000005,0
Plant Physiology,6,6.0,6.4510000000000005,7.016,0
Molecular Cell,6,8.0,14.194,14.447000000000001,0
PLoS Biology,8,6.0,12.472000000000001,14.376,0
Developmental Cell,8,6.0,13.946,14.24,0
Chemistry &amp; Biology,8,6.0,5.837999999999999,5.976,0
Science,10,10.0,31.377,31.776999999999997,0
Nature,8,8.0,36.104,35.248000000000005,0
Development,6,6.0,6.898,7.476,0
Immunity,6,6.0,24.221,22.133000000000003,0
The Plant Cell,6,6.0,9.396,10.648,0
Science,6,10.0,31.377,31.776999999999997,1
Science,8,8.0,31.377,31.776999999999997,0
The EMBO Journal,6,8.0,10.124,9.369,0
Genes &amp; Development,6,6.0,12.889000000000001,13.892000000000001,0
Nature Biotechnology,6,6.0,31.09,29.065,1
The Journal of Experimental Medicine,8,8.0,14.776,15.7,0
Cell,10,8.0,32.406,34.931,0
Proceedings,8,8.0,9.771,10.591,0
Journal of Cell Science,6,6.0,6.29,6.731,0
Current Biology,6,8.0,10.026,11.436,0
Proceedings,6,8.0,9.771,10.591,0
Science,6,8.0,31.377,31.776999999999997,0
Proceedings,6,6.0,9.771,10.591,0
The Plant Journal: for Cell and Molecular Biology,6,6.0,6.9479999999999995,7.325,0
Science,6,6.0,31.377,31.776999999999997,0
Nature Genetics,8,6.0,36.376999999999995,32.701,0
International Immunology,6,6.0,3.301,3.3539999999999996,0
Nature Immunology,10,8.0,25.668000000000003,25.934,0
Molecular and Cellular Biology,8,8.0,6.188,6.381,0
RNA (New York),6,6.0,6.051,5.486000000000001,0
Molecular Biology and Evolution,6,8.0,5.51,8.907,0
The Journal of Biological Chemistry,6,6.0,5.327999999999999,5.497999999999999,0
